Therapeutic,Format,CH1 Isotype,VD LC,Highest_Clin_Trial (Jan '20),Est. Status,Heavy Sequence,Light Sequence,Heavy Sequence (if bispec),Light Sequence (if bispec),100% SI Structure,99% SI Structure,95-98% SI Structure
Abituzumab,Whole mAb,G2,Kappa,Phase-II,Active,QVQLQQSGGELAKPGASVKVSCKASGYTFSSFWMHWVRQAPGQGLEWIGYINPRSGYTEYNEIFRDKATMTTDTSTSTAYMELSSLRSEDTAVYYCASFLGRGAMDYWGQGTTVTVSS,DIQMTQSPSSLSASVGDRVTITCRASQDISNYLAWYQQKPGKAPKLLIYYTSKIHSGVPSRFSGSGSGTDYTFTISSLQPEDIATYYCQQGNTFPYTFGQGTKVEIK,na,na,None,None,None
Abrilumab,Whole mAb,G2,Kappa,Phase-II,Discontinued,QVQLVQSGAEVKKPGASVKVSCKVSGYTLSDLSIHWVRQAPGKGLEWMGGFDPQDGETIYAQKFQGRVTMTEDTSTDTAYMELSSLKSEDTAVYYCATGSSSSWFDPWGQGTLVTVSS,DIQMTQSPSSVSASVGDRVTITCRASQGISSWLAWYQQKPGKAPKLLIYGASNLESGVPSRFSGSGSGTDFTLTISSLQPEDFANYYCQQANSFPWTFGQGTKVEIK,na,na,None,None,None
Adalimumab,Whole mAb,G1,Kappa,Approved,Active,EVQLVESGGGLVQPGRSLRLSCAASGFTFDDYAMHWVRQAPGKGLEWVSAITWNSGHIDYADSVEGRFTISRDNAKNSLYLQMNSLRAEDTAVYYCAKVSYLSTASSLDYWGQGTLVTVSS,DIQMTQSPSSLSASVGDRVTITCRASQGIRNYLAWYQQKPGKAPKLLIYAASTLQSGVPSRFSGSGSGTDFTLTISSLQPEDVATYYCQRYNRAPYTFGQGTKVEIK,na,na,6cr1:HL/4nyl:AB:CD:EF:HL,3wd5:HL,None
Alemtuzumab,Whole mAb,G1,Kappa,Approved,Active,QVQLQESGPGLVRPSQTLSLTCTVSGFTFTDFYMNWVRQPPGRGLEWIGFIRDKAKGYTTEYNPSVKGRVTMLVDTSKNQFSLRLSSVTAADTAVYYCAREGHTAAPFDYWGQGSLVTVSS,DIQMTQSPSSLSASVGDRVTITCKASQNIDKYLNWYQQKPGKAPKLLIYNTNNLQTGVPSRFSGSGSGTDFTFTISSLQPEDIATYYCLQHISRPRTFGQGTKVEIK,na,na,1bey:HL/1ce1:HL,None,None
Alirocumab,Whole mAb,G1,Kappa,Approved,Active,EVQLVESGGGLVQPGGSLRLSCAASGFTFNNYAMNWVRQAPGKGLDWVSTISGSGGTTNYADSVKGRFIISRDSSKHTLYLQMNSLRAEDTAVYYCAKDSNWGNFDLWGRGTLVTVSS,DIVMTQSPDSLAVSLGERATINCKSSQSVLYRSNNRNFLGWYQQKPGQPPNLLIYWASTRESGVPDRFSGSGSGTDFTLTISSLQAEDVAVYYCQQYYTTPYTFGQGTKLEIK,na,na,None,None,None
Anifrolumab,Whole mAb,G1,Kappa,Phase-III,Active,EVQLVQSGAEVKKPGESLKISCKGSGYIFTNYWIAWVRQMPGKGLESMGIIYPGDSDIRYSPSFQGQVTISADKSITTAYLQWSSLKASDTAMYYCARHDIEGFDYWGRGTLVTVSS,EIVLTQSPGTLSLSPGERATLSCRASQSVSSSFFAWYQQKPGQAPRLLIYGASSRATGIPDRLSGSGSGTDFTLTITRLEPEDFAVYYCQQYDSSAITFGQGTRLEIK,na,na,4qxg:HL,None,None
Atezolizumab,Whole mAb,G1,Kappa,Approved,Active,EVQLVESGGGLVQPGGSLRLSCAASGFTFSDSWIHWVRQAPGKGLEWVAWISPYGGSTYYADSVKGRFTISADTSKNTAYLQMNSLRAEDTAVYYCARRHWPGGFDYWGQGTLVTVSS,DIQMTQSPSSLSASVGDRVTITCRASQDVSTAVAWYQQKPGKAPKLLIYSASFLYSGVPSRFSGSGSGTDFTLTISSLQPEDFATYYCQQYLYHPATFGQGTKVEIK,na,na,5x8l:FK:HM:GL:JO:SN,5xxy:HL,None
Bapineuzumab,Whole mAb,G1,Kappa,Phase-II,Discontinued,EVQLLESGGGLVQPGGSLRLSCAASGFTFSNYGMSWVRQAPGKGLEWVASIRSGGGRTYYSDNVKGRFTISRDNSKNTLYLQMNSLRAEDTAVYYCVRYDHYSGSSDYWGQGTLVTVSS,DVVMTQSPLSLPVTPGEPASISCKSSQSLLDSDGKTYLNWLLQKPGQSPQRLIYLVSKLDSGVPDRFSGSGSGTDFTLKISRVEAEDVGVYYCWQGTHFPRTFGQGTKVEIK,na,na,None,None,4ojf:HL/4hix:HL
Basiliximab,Whole mAb,G1,Kappa,Approved,NFD,QVQLQQSGTVLARPGASVKMSCKASGYSFTRYWMHWIKQRPGQGLEWIGAIYPGNSDTSYNQKFEGKAKLTAVTSASTAYMELSSLTHEDSAVYYCSRDYGYYFDFWGQGTTLTVSS,QIVSTQSPAIMSASPGEKVTMTCSASSSRSYMQWYQQKPGTSPKRWIYDTSKLASGVPARFSGSGSGTSYSLTISSMEAEDAATYYCHQRSSYTFGGGTKLEIK,na,na,1mim:HL/3iu3:AB:CD:HL,None,None
Bavituximab,Whole mAb,G1,Kappa,Phase-III,Active,EVQLQQSGPELEKPGASVKLSCKASGYSFTGYNMNWVKQSHGKSLEWIGHIDPYYGDTSYNQKFRGKATLTVDKSSSTAYMQLKSLTSEDSAVYYCVKGGYYGHWYFDVWGAGTTVTVSS,DIQMTQSPSSLSASLGERVSLTCRASQDIGSSLNWLQQGPDGTIKRLIYATSSLDSGVPKRFSGSRSGSDYSLTISSLESEDFVDYYCLQYVSSPPTFGAGTKLELK,na,na,None,None,None
Belimumab,Whole mAb,G1,Lambda,Approved,Active,QVQLQQSGAEVKKPGSSVRVSCKASGGTFNNNAINWVRQAPGQGLEWMGGIIPMFGTAKYSQNFQGRVAITADESTGTASMELSSLRSEDTAVYYCARSRDLLLFPHHALSPWGRGTMVTVSS,SSELTQDPAVSVALGQTVRVTCQGDSLRSYYASWYQQKPGQAPVLVIYGKNNRPSGIPDRFSGSSSGNTASLTITGAQAEDEADYYCSSRDSSGNHWVFGGGTELTVL,na,na,5y9k:HL/5y9j:HL/6fxn:OP:QR:MN:FG:HI:DE,None,6erx:HI:DE:QR:MN:FG:OP
Benralizumab,Whole mAb,G1,Kappa,Approved,Active,EVQLVQSGAEVKKPGASVKVSCKASGYTFTSYVIHWVRQRPGQGLAWMGYINPYNDGTKYNERFKGKVTITSDRSTSTVYMELSSLRSEDTAVYLCGREGIRYYGLLGDYWGQGTLVTVSS,DIQMTQSPSSLSASVGDRVTITCGTSEDIINYLNWYQQKPGKAPKLLIYHTSRLQSGVPSRFSGSGSGTDFTLTISSLQPEDFATYYCQQGYTLPYTFGQGTKVEIK,na,na,None,None,None
Bevacizumab,Whole mAb,G1,Kappa,Approved,Active,EVQLVESGGGLVQPGGSLRLSCAASGYTFTNYGMNWVRQAPGKGLEWVGWINTYTGEPTYAADFKRRFTFSLDTSKSTAYLQMNSLRAEDTAVYYCAKYPHYYGSSHWYFDVWGQGTLVTVSS,DIQMTQSPSSLSASVGDRVTITCSASQDISNYLNWYQQKPGKAPKVLIYFTSSLHSGVPSRFSGSGSGTDFTLTISSLQPEDFATYYCQQYSTVPWTFGQGTKVEIK,na,na,1bj1:HL:KJ,None,6bft:AB:HL/1cz8:HL:YX
Bimagrumab,Whole mAb,G1,Lambda,Phase-II,Active,QVQLVQSGAEVKKPGASVKVSCKASGYTFTSSYINWVRQAPGQGLEWMGTINPVSGSTSYAQKFQGRVTMTRDTSISTAYMELSRLRSDDTAVYYCARGGWFDYWGQGTLVTVSS,QSALTQPASVSGSPGQSITISCTGTSSDVGSYNYVNWYQQHPGKAPKLMIYGVSKRPSGVSNRFSGSKSGNTASLTISGLQAEDEADYYCGTFAGGSYYGVFGGGTKLTVL,na,na,5nhr:HL:AB,5nhw:HL/5nh3:HL:IM/5ngv:HL,None
Blosozumab,Whole mAb,G4,Kappa,Phase-II,Active,QVQLVQSGAEVKKPGASVKVSCKVSGFPIKDTFQHWVRQAPGKGLEWMGWSDPEIGDTEYASKFQGRVTMTEDTSTDTAYMELSSLRSEDTAVYYCATGDTTYKFDFWGQGTTVTVSS,DIQMTQSPSSLSASVGDRVTITCKASQDVHTAVAWYQQKPGKAPKLLIYWASTRWTGVPSRFSGSGSGTDFTLTISSLQPEDFATYYCQQYSDYPWTFGGGTKVEIK,na,na,None,None,None
Bococizumab,Whole mAb,G2,Kappa,Phase-III,Discontinued,QVQLVQSGAEVKKPGASVKVSCKASGYTFTSYYMHWVRQAPGQGLEWMGEISPFGGRTNYNEKFKSRVTMTRDTSTSTVYMELSSLRSEDTAVYYCARERPLYASDLWGQGTTVTVSS,DIQMTQSPSSLSASVGDRVTITCRASQGISSALAWYQQKPGKAPKLLIYSASYRYTGVPSRFSGSGSGTDFTFTISSLQPEDIATYYCQQRYSLWRTFGQGTKLEIK,na,na,3sqo:HL,None,None
Brentuximab,Whole mAb ADC,G1,Kappa,Approved,Active,QIQLQQSGPEVVKPGASVKISCKASGYTFTDYYITWVKQKPGQGLEWIGWIYPGSGNTKYNEKFKGKATLTVDTSSSTAFMQLSSLTSEDTAVYFCANYGNYWFAYWGQGTQVTVSA,DIVLTQSPASLAVSLGQRATISCKASQSVDFDGDSYMNWYQQKPGQPPKVLIYAASNLESGIPARFSGSGSGTDFTLNIHPVEEEDAATYYCQQSNEDPWTFGGGTKLEIK,na,na,None,None,None
Briakinumab,Whole mAb,G1,Lambda,Preregistration (w),Discontinued,QVQLVESGGGVVQPGRSLRLSCAASGFTFSSYGMHWVRQAPGKGLEWVAFIRYDGSNKYYADSVKGRFTISRDNSKNTLYLQMNSLRAEDTAVYYCKTHGSHDNWGQGTMVTVSS,QSVLTQPPSVSGAPGQRVTISCSGSRSNIGSNTVKWYQQLPGTAPKLLIYYNDQRPSGVPDRFSGSKSGTSASLAITGLQAEDEADYYCQSYDRYTHPALLFGTGTKVTVL,na,na,5n2k:LK:BA:PO:DC:NM:FE,None,None
Brodalumab,Whole mAb,G2,Kappa,Approved,Active,QVQLVQSGAEVKKPGASVKVSCKASGYTFTRYGISWVRQAPGQGLEWMGWISTYSGNTNYAQKLQGRVTMTTDTSTSTAYMELRSLRSDDTAVYYCARRQLYFDYWGQGTLVTVSS,EIVMTQSPATLSVSPGERATLSCRASQSVSSNLAWFQQKPGQAPRPLIYDASTRATGVPARFSGSGSGTDFTLTISSLQSEDFAVYYCQQYDNWPLTFGGGTKVEIK,na,na,None,None,None
Canakinumab,Whole mAb,G1,Kappa,Approved,Active,QVQLVESGGGVVQPGRSLRLSCAASGFTFSVYGMNWVRQAPGKGLEWVAIIWYDGDNQYYADSVKGRFTISRDNSKNTLYLQMNGLRAEDTAVYYCARDLRTGPFDYWGQGTLVTVSS,EIVLTQSPDFQSVTPKEKVTITCRASQSIGSSLHWYQQKPDQSPKLLIKYASQSFSGVPSRFSGSGSGTDFTLTINSLEAEDAAAYYCHQSSSLPFTFGPGTKVDIK,na,na,None,4g5z:HL/5bvj:HG:FE:BA:DC/4g6j:HL/5bvp:HL,None
Carlumab,Whole mAb,G1,Kappa,Phase-II,Discontinued,QVQLVQSGAEVKKPGSSVKVSCKASGGTFSSYGISWVRQAPGQGLEWMGGIIPIFGTANYAQKFQGRVTITADESTSTAYMELSSLRSEDTAVYYCARYDGIYGELDFWGQGTLVTVSS,EIVLTQSPATLSLSPGERATLSCRASQSVSDAYLAWYQQKPGQAPRLLIYDASSRATGVPARFSGSGSGTDFTLTISSLEPEDFAVYYCHQYIQLHSFTFGQGTKVEIK,na,na,None,4dn3:HL/4dn4:HL,None
Certolizumab,Fab,G1,Kappa,Approved,Active,EVQLVESGGGLVQPGGSLRLSCAASGYVFTDYGMNWVRQAPGKGLEWMGWINTYIGEPIYADSVKGRFTFSLDTSKSTAYLQMNSLRAEDTAVYYCARGYRSYAMDYWGQGTLVTVSS,DIQMTQSPSSLSASVGDRVTITCKASQNVGTNVAWYQQKPGKAPKALIYSASFLYSGVPYRFSGSGSGTDFTLTISSLQPEDFATYYCQQYNIYPLTFGQGTKVEIK,na,na,5wuv:HL/5wux:HL:AB:CD,None,None
Cetuximab,Whole mAb,G1,Kappa,Approved,Active,QVQLKQSGPGLVQPSQSLSITCTVSGFSLTNYGVHWVRQSPGKGLEWLGVIWSGGNTDYNTPFTSRLSINKDNSKSQVFFKMNSLQSNDTAIYYCARALTYYDYEFAYWGQGTLVTVSA,DILLTQSPVILSVSPGERVSFSCRASQSIGTNIHWYQQRTNGSPRLLIKYASESISGIPSRFSGSGSGTDFTLSINSVESEDIADYYCQQNNNWPTTFGAGTKLELK,na,na,6au5:DC:BA/6axp:BA:DC/6ayn:BA:DC/6azk:DC:BA/6azl:BA:DC,5i76:DC:BA/1yy8:DC:BA/5th2:DC:BA/5f88:DC:BA/5hyq:DC:BA/5ir1:DC:BA/5ivz:DC:BA/5iv2:DC:BA/5t1k:DC:BA/5t1l:DC:BA/5id0:DC:BA/5id1:DC:BA/5euk:DC:BA/5ff6:DC:BA/5iop:DC:BA/5icy:DC:BA/5itf:DC:BA/5etu:DC:BA/5t1m:DC:BA/5esq:DC:BA/5icz:DC:BA/5i2i:DC:BA/5icx:DC:BA/5hpm:DC:BA/4gw5:DC:BA/4gw1:DC:BA/1yy9:DC/4krp:DC/4kro:DC,5gz0:BA:DC/6arp:BA:DC/6aru:CB
Cixutumumab,Whole mAb,G1,Lambda,Phase-II,Discontinued,EVQLVQSGAEVKKPGSSVKVSCKASGGTFSSYAISWVRQAPGQGLEWMGGIIPIFGTANYAQKFQGRVTITADKSTSTAYMELSSLRSEDTAVYYCARAPLRFLEWSTQDHYYYYYMDVWGKGTTVTVSS,SSELTQDPAVSVALGQTVRITCQGDSLRSYYATWYQQKPGQAPILVIYGENKRPSGIPDRFSGSSSGNTASLTITGAQAEDEADYYCKSRDGSGQHLVFGGGTKLTVL,na,na,None,None,None
Clazakizumab,Whole mAb,G1,Kappa,Phase-III,Active,EVQLVESGGGLVQPGGSLRLSCAASGFSLSNYYVTWVRQAPGKGLEWVGIIYGSDETAYATSAIGRFTISRDNSKNTLYLQMNSLRAEDTAVYYCARDDSSDWDAKFNLWGQGTLVTVSS,AIQMTQSPSSLSASVGDRVTITCQASQSINNELSWYQQKPGKAPKLLIYRASTLASGVPSRFSGSGSGTDFTLTISSLQPDDFATYYCQQGYSLRNIDNAFGGGTKVEIK,na,na,None,None,None
Codrituzumab,Whole mAb,G1,Kappa,Phase-II,Active,QVQLVQSGAEVKKPGASVKVSCKASGYTFTDYEMHWVRQAPGQGLEWMGALDPKTGDTAYSQKFKGRVTLTADKSTSTAYMELSSLTSEDTAVYYCTRFYSYTYWGQGTLVTVSS,DVVMTQSPLSLPVTPGEPASISCRSSQSLVHSNRNTYLHWYLQKPGQSPQLLIYKVSNRFSGVPDRFSGSGSGTDFTLKISRVEAEDVGVYYCSQNTHVPPTFGQGTKLEIK,na,na,None,None,None
Crenezumab,Whole mAb,G4,Kappa,Phase-III,Active,EVQLVESGGGLVQPGGSLRLSCAASGFTFSSYGMSWVRQAPGKGLELVASINSNGGSTYYPDSVKGRFTISRDNAKNSLYLQMNSLRAEDTAVYYCASGDYWGQGTTVTVSS,DIVMTQSPLSLPVTPGEPASISCRSSQSLVYSNGDTYLHWYLQKPGQSPQLLIYKVSNRFSGVPDRFSGSGSGTDFTLKISRVEAEDVGVYYCSQSTHVPWTFGQGTKVEIK,na,na,5vzx:HL:EI/5vzy:HL,5kmv:HL:EI,None
Dacetuzumab,Whole mAb,G1,Kappa,Phase-II,Discontinued,EVQLVESGGGLVQPGGSLRLSCAASGYSFTGYYIHWVRQAPGKGLEWVARVIPNAGGTSYNQKFKGRFTLSVDNSKNTAYLQMNSLRAEDTAVYYCAREGIYWWGQGTLVTVSS,DIQMTQSPSSLSASVGDRVTITCRSSQSLVHSNGNTFLHWYQQKPGKAPKLLIYTVSNRFSGVPSRFSGSGSGTDFTLTISSLQPEDFATYFCSQTTHVPWTFGQGTKVEIK,na,na,None,None,None
Daclizumab,Whole mAb,G1,Kappa,Approved,Active,QVQLVQSGAEVKKPGSSVKVSCKASGYTFTSYRMHWVRQAPGQGLEWIGYINPSTGYTEYNQKFKDKATITADESTNTAYMELSSLRSEDTAVYYCARGGGVFDYWGQGTLVTVSS,DIQMTQSPSTLSASVGDRVTITCSASSSISYMHWYQQKPGKAPKLLIYTTSNLASGVPARFSGSGSGTEFTLTISSLQPDDFATYYCHQRSTYPLTFGQGTKVEVK,na,na,3nfs:HL/3nfp:HL:AB,None,None
Dalotuzumab,Whole mAb,G1,Kappa,Phase-II,Active,QVQLQESGPGLVKPSETLSLTCTVSGYSITGGYLWNWIRQPPGKGLEWIGYISYDGTNNYKPSLKDRVTISRDTSKNQFSLKLSSVTAADTAVYYCARYGRVFFDYWGQGTLVTVSS,DIVMTQSPLSLPVTPGEPASISCRSSQSIVHSNGNTYLQWYLQKPGQSPQLLIYKVSNRLYGVPDRFSGSGSGTDFTLKISRVEAEDVGVYYCFQGSHVPWTFGQGTKVEIK,na,na,None,None,None
Daratumumab,Whole mAb,G1,Kappa,Approved,Active,EVQLLESGGGLVQPGGSLRLSCAVSGFTFNSFAMSWVRQAPGKGLEWVSAISGSGGGTYYADSVKGRFTISRDNSKNTLYLQMNSLRAEDTAVYFCAKDKILWFGEPVFDYWGQGTLVTVSS,EIVLTQSPATLSLSPGERATLSCRASQSVSSYLAWYQQKPGQAPRLLIYDASNRATGIPARFSGSGSGTDFTLTISSLEPEDFAVYYCQQRSNWPPTFGQGTKVEIK,na,na,None,None,None
Denosumab,Whole mAb,G2,Kappa,Approved,Active,EVQLLESGGGLVQPGGSLRLSCAASGFTFSSYAMSWVRQAPGKGLEWVSGITGSGGSTYYADSVKGRFTISRDNSKNTLYLQMNSLRAEDTAVYYCAKDPGTTVIMSWFDPWGQGTLVTVSS,EIVLTQSPGTLSLSPGERATLSCRASQSVRGRYLAWYQQKPGQAPRLLIYGASSRATGIPDRFSGSGSGTDFTLTISRLEPEDFAVFYCQQYGSSPRTFGQGTKVEIK,na,na,None,None,6ghg:HL:AB
Dinutuximab,Whole mAb,G1,Kappa,Approved,Active,EVQLLQSGPELEKPGASVMISCKASGSSFTGYNMNWVRQNIGKSLEWIGAIDPYYGGTSYNQKFKGRATLTVDKSSSTAYMHLKSLTSEDSAVYYCVSGMEYWGQGTSVTVSS,EIVMTQSPATLSVSPGERATLSCRSSQSLVHRNGNTYLHWYLQKPGQSPKLLIHKVSNRFSGVPDRFSGSGSGTDFTLKISRVEAEDLGVYFCSQSTHVPPLTFGAGTKLELK,na,na,None,None,4tuj:CD:AB/4tul:HL/4trp:HL/4tuo:AB:CD/4tuk:HL
Drozitumab,Whole mAb,G1,Lambda,Phase-II,Discontinued,EVQLVQSGGGVERPGGSLRLSCAASGFTFDDYAMSWVRQAPGKGLEWVSGINWQGGSTGYADSVKGRVTISRDNAKNSLYLQMNSLRAEDTAVYYCAKILGAGRGWYFDYWGKGTTVTVSS,SELTQDPAVSVALGQTVRITCSGDSLRSYYASWYQQKPGQAPVLVIYGANNRPSGIPDRFSGSSSGNTASLTITGAQAEDEADYYCNSADSSGNHVVFGGGTKLTVL,na,na,4od2:BA,None,None
Duligotuzumab,Whole mAb,G1,Kappa,Phase-II,Discontinued,EVQLVESGGGLVQPGGSLRLSCAASGFTLSGDWIHWVRQAPGKGLEWVGEISAAGGYTDYADSVKGRFTISADTSKNTAYLQMNSLRAEDTAVYYCARESRVSFEAAMDYWGQGTLVTVSS,DIQMTQSPSSLSASVGDRVTITCRASQNIATDVAWYQQKPGKAPKLLIYSASFLYSGVPSRFSGSGSGTDFTLTISSLQPEDFATYYCQQSEPEPYTFGQGTKVEIK,na,na,None,None,3p0v:HL:IM/3p0y:HL/3p11:HL
Dupilumab,Whole mAb,G4,Kappa,Approved,Active,EVQLVESGGGLEQPGGSLRLSCAGSGFTFRDYAMTWVRQAPGKGLEWVSSISGSGGNTYYADSVKGRFTISRDNSKNTLYLQMNSLRAEDTAVYYCAKDRLSITIRPRYYGLDVWGQGTTVTVSS,DIVMTQSPLSLPVTPGEPASISCRSSQSLLYSIGYNYLDWYLQKSGQSPQLLIYLGSNRASGVPDRFSGSGSGTDFTLKISRVEAEDVGFYYCMQALQTPYTFGQGTKLEIK,na,na,None,None,None
Eculizumab,Whole mAb,G2,Kappa,Approved,Active,QVQLVQSGAEVKKPGASVKVSCKASGYIFSNYWIQWVRQAPGQGLEWMGEILPGSGSTEYTENFKDRVTMTRDTSTSTVYMELSSLRSEDTAVYYCARYFFGSSPNWYFDVWGQGTLVTVSS,DIQMTQSPSSLSASVGDRVTITCGASENIYGALNWYQQKPGKAPKLLIYGATNLADGVPSRFSGSGSGTDFTLTISSLQPEDFATYYCQNVLNTPLTFGQGTKVEIK,na,na,5i5k:HL:XY,None,None
Efalizumab,Whole mAb,G1,Kappa,Approved,NFD,EVQLVESGGGLVQPGGSLRLSCAASGYSFTGHWMNWVRQAPGKGLEWVGMIHPSDSETRYNQKFKDRFTISVDKSKNTLYLQMNSLRAEDTAVYYCARGIYFYGTTYFDYWGQGTLVTVSS,DIQMTQSPSSLSASVGDRVTITCRASKTISKYLAWYQQKPGKAPKLLIYSGSTLQSGVPSRFSGSGSGTDFTLTISSLQPEDFATYYCQQHNEYPLTFGQGTKVEIK,na,na,3eo9:HL/3eoa:HL:BA/3eob:HL:BA,None,None
Eldelumab,Whole mAb,G1,Kappa,Phase-II,Discontinued,QMQLVESGGGVVQPGRSLRLSCTASGFTFSNNGMHWVRQAPGKGLEWVAVIWFDGMNKFYVDSVKGRFTISRDNSKNTLYLEMNSLRAEDTAIYYCAREGDGSGIYYYYGMDVWGQGTTVTVSS,EIVLTQSPGTLSLSPGERATLSCRASQSVSSSYLAWYQQKPGQAPRLLIYGASSRATGIPDRFSGSGSGTDFTLTISRLEPEDFAVYYCQQYGSSPIFTFGPGTKVDIK,na,na,None,None,None
Elotuzumab,Whole mAb,G1,Kappa,Approved,NFD,EVQLVESGGGLVQPGGSLRLSCAASGFDFSRYWMSWVRQAPGKGLEWIGEINPDSSTINYAPSLKDKFIISRDNAKNSLYLQMNSLRAEDTAVYYCARPDGNYWYFDVWGQGTLVTVSS,DIQMTQSPSSLSASVGDRVTITCKASQDVGIAVAWYQQKPGKVPKLLIYWASTRHTGVPDRFSGSGSGTDFTLTISSLQPEDVATYYCQQYSSYPYTFGQGTKVEIK,na,na,None,None,None
Emibetuzumab,Whole mAb,G4,Kappa,Phase-II,Active,QVQLVQSGAEVKKPGASVKVSCKASGYTFTDYYMHWVRQAPGQGLEWMGRVNPNRRGTTYNQKFEGRVTMTTDTSTSTAYMELRSLRSDDTAVYYCARANWLDYWGQGTTVTVSS,DIQMTQSPSSLSASVGDRVTITCSVSSSVSSIYLHWYQQKPGKAPKLLIYSTSNLASGVPSRFSGSGSGTDFTLTISSLQPEDFATYYCQVYSGYPLTFGGGTKVEIK,na,na,None,None,None
Enokizumab,Whole mAb,G1,Kappa,Phase-II,Discontinued,QVQLVQSGAEVKKPGSSVKVSCKASGGTFSYYWIEWVRQAPGQGLEWMGEILPGSGTTNPNEKFKGRVTITADESTSTAYMELSSLRSEDTAVYYCARADYYGSDYVKFDYWGQGTLVTVSS,DIQMTQSPSSLSASVGDRVTITCKASQHVITHVTWYQQKPGKAPKLLIYGTSYSYSGVPSRFSGSGSGTDFTLTISSLQPEDFATYYCQQFYEYPLTFGGGTKVEIK,na,na,None,None,None
Epratuzumab,Whole mAb,G1,Kappa,Phase-III,Discontinued,QVQLVQSGAEVKKPGSSVKVSCKASGYTFTSYWLHWVRQAPGQGLEWIGYINPRNDYTEYNQNFKDKATITADESTNTAYMELSSLRSEDTAFYFCARRDITTFYWGQGTTVTVSS,DIQLTQSPSSLSASVGDRVTMSCKSSQSVLYSANHKNYLAWYQQKPGKAPKLLIYWASTRESGVPSRFSGSGSGTDFTFTISSLQPEDIATYYCHQYLSSWTFGGGTKLEIK,na,na,None,5vkk:AB:HL/5vl3:EF:AB:HL:CD,None
Etrolizumab,Whole mAb,G1,Kappa,Phase-III,Active,EVQLVESGGGLVQPGGSLRLSCAASGFFITNNYWGWVRQAPGKGLEWVGYISYSGSTSYNPSLKSRFTISRDTSKNTFYLQMNSLRAEDTAVYYCARTGSSGYFDFWGQGTLVTVSS,DIQMTQSPSSLSASVGDRVTITCRASESVDDLLHWYQQKPGKAPKLLIKYASQSISGVPSRFSGSGSGTDFTLTISSLQPEDFATYYCQQGNSLPNTFGQGTKVEIK,na,na,None,None,None
Evolocumab,Whole mAb,G2,Lambda,Approved,Active,EVQLVQSGAEVKKPGASVKVSCKASGYTLTSYGISWVRQAPGQGLEWMGWVSFYNGNTNYAQKLQGRGTMTTDPSTSTAYMELRSLRSDDTAVYYCARGYGMDVWGQGTTVTVSS,ESALTQPASVSGSPGQSITISCTGTSSDVGGYNSVSWYQQHPGKAPKLMIYEVSNRPSGVSNRFSGSKSGNTASLTISGLQAEDEADYYCNSYTSTSMVFGGGTKLTVL,na,na,None,None,None
Farletuzumab,Whole mAb,G1,Kappa,Phase-III,Active,EVQLVESGGGVVQPGRSLRLSCSASGFTFSGYGLSWVRQAPGKGLEWVAMISSGGSYTYYADSVKGRFAISRDNAKNTLFLQMDSLRPEDTGVYFCARHGDDPAWFAYWGQGTPVTVSS,DIQLTQSPSSLSASVGDRVTITCSVSSSISSNNLHWYQQKPGKAPKPWIYGTSNLASGVPSRFSGSGSGTDYTFTISSLQPEDIATYYCQQWSSYPYMYTFGQGTKVEIK,na,na,None,None,None
Fasinumab,Whole mAb,G4,Kappa,Phase-III,Active,QVQLVQSGAEVKKPGASVKVSCKVSGFTLTELSIHWVRQAPGKGLEWMGGFDPEDGETIYAQKFQGRVTMTEDTSTDTAYMELTSLRSEDTAVYYCSTIFGVVTNFDNWGQGTLVTVSS,DIQMTQSPSSLSASAGDRVTITCRASQAIRNDLGWYQQKPGKAPKRLIYAAFNLQSGVPSRFSGSGSGTEFTLTISSLQPEDLASYYCQQYNRYPWTFGQGTKVEIK,na,na,None,None,None
Fezakinumab,Whole mAb,G1,Lambda,Phase-I,Discontinued,QVQLVQSGAEVKKPGASVKVSCKASGYTFTNYYMHWVRQAPGQGLEWVGWINPYTGSAFYAQKFRGRVTMTRDTSISTAYMELSRLRSDDTAVYYCAREPEKFDSDDSDVWGRGTLVTVSS,QAVLTQPPSVSGAPGQRVTISCTGSSSNIGAGYGVHWYQQLPGTAPKLLIYGDSNRPSGVPDRFSGSKSGTSASLAITGLQAEDEADYYCQSYDNSLSGYVFGGGTQLTVL,na,na,None,None,None
Ficlatuzumab,Whole mAb,G1,Kappa,Phase-II,Active,QVQLVQPGAEVKKPGTSVKLSCKASGYTFTTYWMHWVRQAPGQGLEWIGEINPTNGHTNYNQKFQGRATLTVDKSTSTAYMELSSLRSEDTAVYYCARNYVGSIFDYWGQGTLLTVSS,DIVMTQSPDSLAMSLGERVTLNCKASENVVSYVSWYQQKPGQSPKLLIYGASNRESGVPDRFSGSGSATDFTLTISSVQAEDVADYHCGQSYNYPYTFGQGTKLEIK,na,na,None,None,None
Figitumumab,Whole mAb,G2,Kappa,Phase-I,Discontinued,EVQLLESGGGLVQPGGSLRLSCTASGFTFSSYAMNWVRQAPGKGLEWVSAISGSGGTTFYADSVKGRFTISRDNSRTTLYLQMNSLRAEDTAVYYCAKDLGWSDSYYYYYGMDVWGQGTTVTVSS,DIQMTQFPSSLSASVGDRVTITCRASQGIRNDLGWYQQKPGKAPKRLIYAASRLHRGVPSRFSGSGSGTEFTLTISSLQPEDFATYYCLQHNSYPCSFGQGTKLEIK,na,na,None,None,None
Fletikumab,Whole mAb,G4,Kappa,Phase-II,Discontinued,QVQLVQSGAEVKRPGASVKVSCKASGYTFTNDIIHWVRQAPGQRLEWMGWINAGYGNTQYSQNFQDRVSITRDTSASTAYMELISLRSEDTAVYYCAREPLWFGESSPHDYYGMDVWGQGTTVTVSS,AIQLTQSPSSLSASVGDRVTITCRASQGISSALAWYQQKPGKAPKLLIYDASSLESGVPSRFSGSGSGTDFTLTISSLQPEDFATYYCQQFNSYPLTFGGGTKVEIK,na,na,None,None,None
Foralumab,Whole mAb,G1,Kappa,Phase-I/II,Active,QVQLVESGGGVVQPGRSLRLSCAASGFKFSGYGMHWVRQAPGKGLEWVAVIWYDGSKKYYVDSVKGRFTISRDNSKNTLYLQMNSLRAEDTAVYYCARQMGYWHFDLWGRGTLVTVSS,EIVLTQSPATLSLSPGERATLSCRASQSVSSYLAWYQQKPGQAPRLLIYDASNRATGIPARFSGSGSGTDFTLTISSLEPEDFAVYYCQQRSNWPPLTFGGGTKVEIK,na,na,None,None,None
Fresolimumab,Whole mAb,G4,Kappa,Phase-I,Active,QVQLVQSGAEVKKPGSSVKVSCKASGYTFSSNVISWVRQAPGQGLEWMGGVIPIVDIANYAQRFKGRVTITADESTSTTYMELSSLRSEDTAVYYCASTLGLVLDAMDYWGQGTLVTVSS,ETVLTQSPGTLSLSPGERATLSCRASQSLGSSYLAWYQQKPGQAPRLLIYGASSRAPGIPDRFSGSGSGTDFTLTISRLEPEDFAVYYCQQYADSPITFGQGTRLEIK,na,na,3eo0:DC:BA/4kxz:JI:HL:NM:QP/4kv5:EF:GK:HL:JI/3eo1:BA:ED:KJ:HG,None,None
Fulranumab,Whole mAb,G2,Kappa,Phase-III,Discontinued,EVQLVESGGGLVQPGGSLRLSCAASGFTLRSYSMNWVRQAPGKGLEWVSYISRSSHTIFYADSVKGRFTISRDNAKNSLYLQMDSLRDEDTAMYYCARVYSSGWHVSDYFDYWGQGILVTVSS,AIQLTQSPSSLSASVGDRVTITCRASQGISSALAWYQQKPGKAPKLLIYDASSLESGVPSRFSGSGSGTDFTLTISSLQPEDFATYYCQQFNSYPLTFGGGTKVEIK,na,na,4m6o:HL,None,None
Galiximab,Whole mAb,G1,Lambda,Phase-II,Discontinued,QVQLQESGPGLVKPSETLSLTCAVSGGSISGGYGWGWIRQPPGKGLEWIGSFYSSSGNTYYNPSLKSQVTISTDTSKNQFSLKLNSMTAADTAVYYCVRDRLFSVVGMVYNNWFDVWGPGVLVTVSS,ESALTQPPSVSGAPGQKVTISCTGSTSNIGGYDLHWYQQLPGTAPKLLIYDINKRPSGISDRFSGSKSGTAASLAITGLQTEDEADYYCQSYDSSLNAQVFGGGTRLTVL,na,na,None,None,None
Ganitumab,Whole mAb,G1,Kappa,Phase-III,Active,QVQLQESGPGLVKPSGTLSLTCAVSGGSISSSNWWSWVRQPPGKGLEWIGEIYHSGSTNYNPSLKSRVTISVDKSKNQFSLKLSSVTAADTAVYYCARWTGRTDAFDIWGQGTMVTVSS,DVVMTQSPLSLPVTPGEPASISCRSSQSLLHSNGYNYLDWYLQKPGQSPQLLIYLGSNRASGVPDRFSGSGSGTDFTLKISRVEAEDVGVYYCMQGTHWPLTFGQGTKVEIK,na,na,None,None,None
Gantenerumab,Whole mAb,G1,Kappa,Phase-III,Active,QVELVESGGGLVQPGGSLRLSCAASGFTFSSYAMSWVRQAPGKGLEWVSAINASGTRTYYADSVKGRFTISRDNSKNTLYLQMNSLRAEDTAVYYCARGKGNTHKPYGYVRYFDVWGQGTLVTVSS,DIVLTQSPATLSLSPGERATLSCRASQSVSSSYLAWYQQKPGQAPRLLIYGASSRATGVPARFSGSGSGTDFTLTISSLEPEDFATYYCLQIYNMPITFGQGTKVEIK,na,na,5csz:HL:AB,None,None
Gemtuzumab,Whole mAb ADC,G4,Kappa,Approved,NFD,EVQLVQSGAEVKKPGSSVKVSCKASGYTITDSNIHWVRQAPGQSLEWIGYIYPYNGGTDYNQKFKNRATLTVDNPTNTAYMELSSLRSEDTAFYYCVNGNPWLAYWGQGTLVTVSS,DIQLTQSPSTLSASVGDRVTITCRASESLDNYGIRFLTWFQQKPGKAPKLLMYAASNQGSGVPSRFSGSGSGTEFTLTISSLQPDDFATYYCQQTKEVPWSFGQGTKVEVK,na,na,na,na,na
Gevokizumab,Whole mAb,G2,Kappa,Phase-III,Active,QVQLQESGPGLVKPSQTLSLTCSFSGFSLSTSGMGVGWIRQPSGKGLEWLAHIWWDGDESYNPSLKSRLTISKDTSKNQVSLKITSVTAADTAVYFCARNRYDPPWFVDWGQGTLVTVSS,DIQMTQSTSSLSASVGDRVTITCRASQDISNYLSWYQQKPGKAVKLLIYYTSKLHSGVPSRFSGSGSGTDYTLTISSLQQEDFATYFCLQGKMLPWTFGQGTKLEIK,na,na,4g6k:HL/4g6m:HL,None,None
Girentuximab,Whole mAb Radiolabelled,G1,Kappa,Phase-III,Discontinued,DVKLVESGGGLVKLGGSLKLSCAASGFTFSNYYMSWVRQTPEKRLELVAAINSDGGITYYLDTVKGRFTISRDNAKNTLYLQMSSLKSEDTALFYCARHRSGYFSMDYWGQGTSVTVSS,DIVMTQSQRFMSTTVGDRVSITCKASQNVVSAVAWYQQKPGQSPKLLIYSASNRYTGVPDRFTGSGSGTDFTLTISNMQSEDLADFFCQQYSNYPWTFGGGTKLEIK,na,na,None,None,None
Glembatumumab,Whole mAb ADC,G2,Kappa,Phase-III,Discontinued,QVQLQESGPGLVKPSQTLSLTCTVSGGSISSFNYYWSWIRHHPGKGLEWIGYIYYSGSTYSNPSLKSRVTISVDTSKNQFSLTLSSVTAADTAVYYCARGYNWNYFDYWGQGTLVTVSS,EIVMTQSPATLSVSPGERATLSCRASQSVDNNLVWYQQKPGQAPRLLIYGASTRATGIPARFSGSGSGTEFTLTISSLQSEDFAVYYCQQYNNWPPWTFGQGTKVEIK,na,na,None,None,None
Golimumab,Whole mAb,G1,Kappa,Approved,Active,QVQLVESGGGVVQPGRSLRLSCAASGFIFSSYAMHWVRQAPGNGLEWVAFMSYDGSNKKYADSVKGRFTISRDNSKNTLYLQMNSLRAEDTAVYYCARDRGIAAGGNYYYYGMDVWGQGTTVTVSS,EIVLTQSPATLSLSPGERATLSCRASQSVYSYLAWYQQKPGQAPRLLIYDASNRATGIPARFSGSGSGTDFTLTISSLEPEDFAVYYCQQRSNWPPFTFGPGTKVDIK,na,na,5yoy:RO:IF:QN:GD:HE:PM,None,None
Guselkumab,Whole mAb,G1,Lambda,Approved,Active,EVQLVQSGAEVKKPGESLKISCKGSGYSFSNYWIGWVRQMPGKGLEWMGIIDPSNSYTRYSPSFQGQVTISADKSISTAYLQWSSLKASDTAMYYCARWYYKPFDVWGQGTLVTVSS,QSVLTQPPSVSGAPGQRVTISCTGSSSNIGSGYDVHWYQQLPGTAPKLLIYGNSKRPSGVPDRFSGSKSGTSASLAITGLQSEDEADYYCASWTDGLSLVVFGGGTKLTVL,na,na,4m6m:HL/4m6n:HL,None,None
Ibalizumab,Whole mAb,G4,Kappa,Approved,NFD,QVQLQQSGPEVVKPGASVKMSCKASGYTFTSYVIHWVRQKPGQGLDWIGYINPYNDGTDYDEKFKGKATLTSDTSTSTAYMELSSLRSEDTAVYYCAREKDNYATGAWFAYWGQGTLVTVSS,DIVMTQSPDSLAVSLGERVTMNCKSSQSLLYSTNQKNYLAWYQQKPGQSPKLLIYWASTRESGVPDRFSGSGSGTDFTLTISSVQAEDVAVYYCQQYYSYRTFGGGTKLEIK,na,na,3o2d:HL,None,None
Imgatuzumab,Whole mAb,G1,Kappa,Phase-II,Discontinued,QVQLVQSGAEVKKPGSSVKVSCKASGFTFTDYKIHWVRQAPGQGLEWMGYFNPNSGYSTYAQKFQGRVTITADKSTSTAYMELSSLRSEDTAVYYCARLSPGGYYVMDAWGQGTTVTVSS,DIQMTQSPSSLSASVGDRVTITCRASQGINNYLNWYQQKPGKAPKRLIYNTNNLQTGVPSRFSGSGSGTEFTLTISSLQPEDFATYYCLQHNSFPTFGQGTKLEIK,na,na,None,None,None
Infliximab,Whole mAb,G1,Kappa,Approved,NFD,EVKLEESGGGLVQPGGSMKLSCVASGFIFSNHWMNWVRQSPEKGLEWVAEIRSKSINSATHYAESVKGRFTISRDDSKSAVYLQMTDLRTEDTGVYYCSRNYYGSTYDYWGQGTTLTVSS,DILLTQSPAILSVSPGERVSFSCRASQFVGSSIHWYQQRTNGSPRLLIKYASESMSGIPSRFSGSGSGTDFTLSINTVESEDIADYYCQQSHSWPFTFGSGTNLEVK,na,na,5vh3:HL:AB/5vh4:HL:AB/4g3y:HL/6ugs:HL:AB/6ugv:HL:AB/6ugt:HL:AB/6ugu:HL:AB,None,None
Inotuzumab,Whole mAb ADC,G4,Kappa,Approved,Active,EVQLVQSGAEVKKPGASVKVSCKASGYRFTNYWIHWVRQAPGQGLEWIGGINPGNNYATYRRKFQGRVTMTADTSTSTVYMELSSLRSEDTAVYYCTREGYGNYGAWFAYWGQGTLVTVSS,DVQVTQSPSSLSASVGDRVTITCRSSQSLANSYGNTFLSWYLHKPGKAPQLLIYGISNRFSGVPDRFSGSGSGTDFTLTISSLQPEDFATYYCLQGTHQPYTFGQGTKVEIK,na,na,None,None,None
Ipilimumab,Whole mAb,G1,Kappa,Approved,Active,QVQLVESGGGVVQPGRSLRLSCAASGFTFSSYTMHWVRQAPGKGLEWVTFISYDGNNKYYADSVKGRFTISRDNSKNTLYLQMNSLRAEDTAIYYCARTGWLGPFDYWGQGTLVTVSS,EIVLTQSPGTLSLSPGERATLSCRASQSVGSSYLAWYQQKPGQAPRLLIYGAFSRATGIPDRFSGSGSGTDFTLTISRLEPEDFAVYYCQQYGSSPWTFGQGTKVEIK,na,na,5tru:HL:hl/5xj3:AB:DE:JK:GH/6jc2:HL,None,None
Ixekizumab,Whole mAb,G4,Kappa,Approved,Active,QVQLVQSGAEVKKPGSSVKVSCKASGYSFTDYHIHWVRQAPGQGLEWMGVINPMYGTTDYNQRFKGRVTITADESTSTAYMELSSLRSEDTAVYYCARYDYFTGTGVYWGQGTLVTVSS,DIVMTQTPLSLSVTPGQPASISCRSSRSLVHSRGNTYLHWYLQKPGQSPQLLIYKVSNRFIGVPDRFSGSGSGTDFTLKISRVEAEDVGVYYCSQSTHLPFTFGQGTKLEIK,na,na,6nov:AB,6nou:AA,None
Lampalizumab,Fab,G1,Kappa,Phase-III,Discontinued,EVQLVQSGPELKKPGASVKVSCKASGYTFTNYGMNWVRQAPGQGLEWMGWINTYTGETTYADDFKGRFVFSLDTSVSTAYLQISSLKAEDTAVYYCEREGGVNNWGQGTLVTVSS,DIQVTQSPSSLSASVGDRVTITCITSTDIDDDMNWYQQKPGKVPKLLISGGNTLRPGVPSRFSGSGSGTDFTLTISSLQPEDVATYYCLQSDSLPYTFGQGTKVEIK,na,na,4d9q:HL:ED/4d9r:HL:ED,None,None
Lebrikizumab,Whole mAb,G4,Kappa,Phase-III,Active,QVTLRESGPALVKPTQTLTLTCTVSGFSLSAYSVNWIRQPPGKALEWLAMIWGDGKIVYNSALKSRLTISKDTSKNQVVLTMTNMDPVDTATYYCAGDGYYPYAMDNWGQGSLVTVSS,DIVMTQSPDSLSVSLGERATINCRASKSVDSYGNSFMHWYQQKPGQPPKLLIYLASNLESGVPDRFSGSGSGTDFTLTISSLQAEDVAVYYCQQNNEDPRTFGGGTKVEIK,na,na,4i77:HL,None,None
Lenzilumab,Whole mAb,G1,Kappa,Phase-I/II,Active,QVQLVQSGAEVKKPGASVKVSCKASGYSFTNYYIHWVRQAPGQRLEWMGWINAGNGNTKYSQKFQGRVTITRDTSASTAYMELSSLRSEDTAVYYCVRRQRFPYYFDYWGQGTLVTVSS,EIVLTQSPATLSVSPGERATLSCRASQSVGTNVAWYQQKPGQAPRVLIYSTSSRATGITDRFSGSGSGTDFTLTISRLEPEDFAVYYCQQFNKSPLTFGGGTKVEIK,na,na,None,None,None
Lintuzumab,Whole mAb Radiolabelled,G1,Kappa,Phase-II,Discontinued,QVQLVQSGAEVKKPGSSVKVSCKASGYTFTDYNMHWVRQAPGQGLEWIGYIYPYNGGTGYNQKFKSKATITADESTNTAYMELSSLRSEDTAVYYCARGRPAMDYWGQGTLVTVSS,DIQMTQSPSSLSASVGDRVTITCRASESVDNYGISFMNWFQQKPGKAPKLLIYAASNQGSGVPSRFSGSGSGTDFTLTISSLQPDDFATYYCQQSKEVPWTFGQGTKVEIK,na,na,None,None,None
Lirilumab,Whole mAb,G4,Kappa,Phase-II,Active,QVQLVQSGAEVKKPGSSVKVSCKASGGTFSFYAISWVRQAPGQGLEWMGGFIPIFGAANYAQKFQGRVTITADESTSTAYMELSSLRSDDTAVYYCARIPSGSYYYDYDMDVWGQGTTVTVSS,EIVLTQSPVTLSLSPGERATLSCRASQSVSSYLAWYQQKPGQAPRLLIYDASNRATGIPARFSGSGSGTDFTLTISSLEPEDFAVYYCQQRSNWMYTFGQGTKLEIK,na,na,None,None,None
Lumiliximab,Whole mAb,G1,Kappa,Phase-II,Discontinued,EVQLVESGGGLAKPGGSLRLSCAASGFRFTFNNYYMDWVRQAPGQGLEWVSRISSSGDPTWYADSVKGRFTISRENANNTLFLQMNSLRAEDTAVYYCASLTTGSDSWGQGVLVTVSS,DIQMTQSPSSLSASVGDRVTITCRASQDIRYYLNWYQQKPGKAPKLLIYVASSLQSGVPSRFSGSGSGTEFTLTVSSLQPEDFATYYCLQVYSTPRTFGQGTKVEIK,na,na,None,3fzu:HL:CD,None
Matuzumab,Whole mAb,G1,nd,Phase-II,Discontinued,QVQLVQSGAEVKKPGASVKVSCKASGYTFTSHWMHWVRQAPGQGLEWIGEFNPSNGRTNYNEKFKSKATMTVDTSTNTAYMELSSLRSEDTAVYYCASRDYDYDGRYFDYWGQGTLVTVSS,DIQMTQSPSSLSASVGDRVTITCSASSSVTYMYWYQQKPGKAPKLLIYDTSNLASGVPSRFSGSGSGTDYTFTISSLQPEDIATYYCQQWSSHIFTFGQGTKVEIK,na,na,3c08:HL/5vr9:HL:AB,5vsi:HL/3c09:HL:CB,None
Mavrilimumab,Whole mAb,G4,Lambda,Phase-II,Active,QVQLVQSGAEVKKPGASVKVSCKVSGYTLTELSIHWVRQAPGKGLEWMGGFDPEENEIVYAQRFQGRVTMTEDTSTDTAYMELSSLRSEDTAVYYCAIVGSFSPLTLGLWGQGTMVTVSS,QSVLTQPPSVSGAPGQRVTISCTGSGSNIGAPYDVSWYQQLPGTAPKLLIYHNNKRPSGVPDRFSGSKSGTSASLAITGLQAEDEADYYCATVEAGLSGSVFGGGTKLTVL,na,na,None,None,None
Mepolizumab,Whole mAb,G1,Kappa,Approved,Active,QVTLRESGPALVKPTQTLTLTCTVSGFSLTSYSVHWVRQPPGKGLEWLGVIWASGGTDYNSALMSRLSISKDTSRNQVVLTMTNMDPVDTATYYCARDPPSSLLRLDYWGRGTPVTVSS,DIVMTQSPDSLAVSLGERATINCKSSQSLLNSGNQKNYLAWYQQKPGQPPKLLIYGASTRESGVPDRFSGSGSGTDFTLTISSLQAEDVAVYYCQNVHSFPFTFGGGTKLEIK,na,na,None,None,None
Mogamulizumab,Whole mAb,G1,Kappa,Approved,Active,EVQLVESGGDLVQPGRSLRLSCAASGFIFSNYGMSWVRQAPGKGLEWVATISSASTYSYYPDSVKGRFTISRDNAKNSLYLQMNSLRVEDTALYYCGRHSDGNFAFGYWGQGTLVTVSS,DVLMTQSPLSLPVTPGEPASISCRSSRNIVHINGDTYLEWYLQKPGQSPQLLIYKVSNRFSGVPDRFSGSGSGTDFTLKISRVEAEDVGVYYCFQGSLLPWTFGQGTKVEIK,na,na,None,None,None
Motavizumab,Whole mAb,G1,Kappa,Phase-III,Discontinued,QVTLRESGPALVKPTQTLTLTCTFSGFSLSTAGMSVGWIRQPPGKALEWLADIWWDDKKHYNPSLKDRLTISKDTSKNQVVLKVTNMDPADTATYYCARDMIFNFYFDVWGQGTTVTVSS,DIQMTQSPSTLSASVGDRVTITCSASSRVGYMHWYQQKPGKAPKLLIYDTSKLASGVPSRFSGSGSGTEFTLTISSLQPDDFATYYCFQGSGYPFTFGGGTKVEIK,na,na,3qwo:AB:HL/3ixt:HL:AB/4zyp:NO:JL:KM/6oe5:BC,5k8a:BA:FE:VM:HL/4jlr:AB:HL,None
Muromonab,Whole mAb,G2a,Kappa,Approved,Discontinued,QVQLQQSGAELARPGASVKMSCKASGYTFTRYTMHWVKQRPGQGLEWIGYINPSRGYTNYNQKFKDKATLTTDKSSSTAYMQLSSLTSEDSAVYYCARYYDDHYCLDYWGQGTTLTVSS,QIVLTQSPAIMSASPGEKVTMTCSASSSVSYMNWYQQKSGTSPKRWIYDTSKLASGVPAHFRGSGSGTSYSLTISGMEAEDAATYYCQQWSSNPFTFGSGTKLEIN,na,na,1sy6:HL,None,None
Natalizumab,Whole mAb,G4,Kappa,Approved,Active,QVQLVQSGAEVKKPGASVKVSCKASGFNIKDTYIHWVRQAPGQRLEWMGRIDPANGYTKYDPKFQGRVTITADTSASTAYMELSSLRSEDTAVYYCAREGYYGNYGVYAMDYWGQGTLVTVSS,DIQMTQSPSSLSASVGDRVTITCKTSQDINKYMAWYQQTPGKAPRLLIHYTSALQPGIPSRFSGSGSGRDYTFTISSLQPEDIATYYCLQYDNLWTFGQGTKVEIK,na,na,None,4irz:HL/6fg1:HL/6fg2:HL:IM,None
Necitumumab,Whole mAb,G1,Kappa,Approved,Active,QVQLQESGPGLVKPSQTLSLTCTVSGGSISSGDYYWSWIRQPPGKGLEWIGYIYYSGSTDYNPSLKSRVTMSVDTSKNQFSLKVNSVTAADTAVYYCARVSIFGVGTFDYWGQGTLVTVSS,EIVMTQSPATLSLSPGERATLSCRASQSVSSYLAWYQQKPGQAPRLLIYDASNRATGIPARFSGSGSGTDFTLTISSLEPEDFAVYYCHQYGSTPLTFGGGTKAEIK,na,na,6b3s:JK:CD:HL:FG/3b2u:WX:QR:TU:JK:CD:NO:FG:HL/3b2v:HL,None,None
Nimotuzumab,Whole mAb,G1,Kappa,Approved,Active,QVQLQQSGAEVKKPGSSVKVSCKASGYTFTNYYIYWVRQAPGQGLEWIGGINPTSGGSNFNEKFKTRVTITADESSTTAYMELSSLRSEDTAFYFCTRQGLWFDSDGRGFDFWGQGTTVTVSS,DIQMTQSPSSLSASVGDRVTITCRSSQNIVHSNGNTYLDWYQQTPGKAPKLLIYKVSNRFSGVPSRFSGSGSGTDFTFTISSLQPEDIATYYCFQYSHVPWTFGQGTKLQIT,na,na,3gkw:HL,None,None
Nivolumab,Whole mAb,G4,Kappa,Approved,Active,QVQLVESGGGVVQPGRSLRLDCKASGITFSNSGMHWVRQAPGKGLEWVAVIWYDGSKRYYADSVKGRFTISRDNSKNTLFLQMNSLRAEDTAVYYCATNDDYWGQGTLVTVSS,EIVLTQSPATLSLSPGERATLSCRASQSVSSYLAWYQQKPGQAPRLLIYDASNRATGIPARFSGSGSGTDFTLTISSLEPEDFAVYYCQQSSNWPRTFGQGTKVEIK,na,na,5ggq:HL/5wt9:HL/5ggr:HL:AB,None,None
Obinutuzumab,Whole mAb,G1,Kappa,Approved,Active,QVQLVQSGAEVKKPGSSVKVSCKASGYAFSYSWINWVRQAPGQGLEWMGRIFPGDGDTDYNGKFKGRVTITADKSTSTAYMELSSLRSEDTAVYYCARNVFDGYWLVYWGQGTLVTVSS,DIVMTQTPLSLPVTPGEPASISCRSSKSLLHSNGITYLYWYLQKPGQSPQLLIYQMSNLVSGVPDRFSGSGSGTDFTLKISRVEAEDVGVYYCAQNLELPYTFGGGTKVEIK,na,na,3pp3:HL:IK/3pp4:HL,None,None
Ocrelizumab,Whole mAb,G1,Kappa,Approved,NFD,EVQLVESGGGLVQPGGSLRLSCAASGYTFTSYNMHWVRQAPGKGLEWVGAIYPGNGDTSYNQKFKGRFTISVDKSKNTLYLQMNSLRAEDTAVYYCARVVYYSNSYWYFDVWGQGTLVTVSS,DIQMTQSPSSLSASVGDRVTITCRASSSVSYMHWYQQKPGKAPKPLIYAPSNLASGVPSRFSGSGSGTDFTLTISSLQPEDFATYYCQQWSFNPPTFGQGTKVEIK,na,na,None,None,4k7p:YX
Ofatumumab,Whole mAb,G1,Kappa,Approved,Active,EVQLVESGGGLVQPGRSLRLSCAASGFTFNDYAMHWVRQAPGKGLEWVSTISWNSGSIGYADSVKGRFTISRDNAKKSLYLQMNSLRAEDTALYYCAKDIQYGNYYYGMDVWGQGTTVTVSS,EIVLTQSPATLSLSPGERATLSCRASQSVSSYLAWYQQKPGQAPRLLIYDASNRATGIPARFSGSGSGTDFTLTISSLEPEDFAVYYCQQRSNWPITFGQGTRLEIK,na,na,3giz:HL,None,None
Olaratumab,Whole mAb,G1,Kappa,Approved,Active,QLQLQESGPGLVKPSETLSLTCTVSGGSINSSSYYWGWLRQSPGKGLEWIGSFFYTGSTYYNPSLRSRLTISVDTSKNQFSLMLSSVTAADTAVYYCARQSTYYYGSGNYYGWFDRWDQGTLVTVSS,EIVLTQSPATLSLSPGERATLSCRASQSVSSYLAWYQQKPGQAPRLLIYDASNRATGIPARFSGSGSGTDFTLTISSLEPEDFAVYYCQQRSNWPPAFGQGTKVEIK,na,na,None,None,None
Olokizumab,Whole mAb,G4,Kappa,Phase-III,Active,EVQLVESGGGLVQPGGSLRLSCAASGFNFNDYFMNWVRQAPGKGLEWVAQMRNKNYQYGTYYAESLEGRFTISRDDSKNSLYLQMNSLKTEDTAVYYCARESYYGFTSYWGQGTLVTVSS,DIQMTQSPSSLSASVGDRVTITCQASQDIGISLSWYQQKPGKAPKLLIYNANNLADGVPSRFSGSGSGTDFTLTISSLQPEDFATYYCLQHNSAPYTFGQGTKLEIK,na,na,4cni:HL:AB,None,None
Omalizumab,Whole mAb,G1,Kappa,Approved,Active,EVQLVESGGGLVQPGGSLRLSCAVSGYSITSGYSWNWIRQAPGKGLEWVASITYDGSTNYNPSVKGRITISRDDSKNTFYLQMNSLRAEDTAVYYCARGSHYFGHWHFAVWGQGTLVTVSS,DIQLTQSPSSLSASVGDRVTITCRASQSVDYDGDSYMNWYQQKPGKAPKLLIYAASYLESGVPSRFSGSGSGTDFTLTISSLQPEDFATYYCQQSHEDPYTFGQGTKVEIK,na,na,4x7s:HL/2xa8:HL/4x7t:HL:AB/5hys:HL:AB:EF:CD,5g64:IM:HL,None
Onartuzumab,Fab + di-Fc,G1,Kappa,Phase-III,Discontinued,EVQLVESGGGLVQPGGSLRLSCAASGYTFTSYWLHWVRQAPGKGLEWVGMIDPSNSDTRFNPNFKDRFTISADTSKNTAYLQMNSLRAEDTAVYYCATYRSYVTPLDYWGQGTLVTVSS,DIQMTQSPSSLSASVGDRVTITCKSSQSLLYTSSQKNYLAWYQQKPGKAPKLLIYWASTRESGVPSRFSGSGSGTDFTLTISSLQPEDFATYYCQQYYAYPWTFGQGTKVEIK,na,na,4k3j:HL,None,None
Otelixizumab,Whole mAb,G1,Lambda,Phase-II,Active,EVQLLESGGGLVQPGGSLRLSCAASGFTFSSFPMAWVRQAPGKGLEWVSTISTSGGRTYYRDSVKGRFTISRDNSKNTLYLQMNSLRAEDTAVYYCAKFRQYSGGFDYWGQGTLVTVSS,DIQLTQPNSVSTSLGSTVKLSCTLSSGNIENNYVHWYQLYEGRSPTTMIYDDDKRPDGVPDRFSGSIDRSSNSAFLTIHNVAIEDEAIYFCHSYVSSFNVFGGGTKLTVL,na,na,None,None,None
Otlertuzumab,di-scFv+Fc,G1,Kappa,Phase-II,Discontinued,EVQLVQSGAEVKKPGESLKISCKGSGYSFTGYNMNWVRQMPGKGLEWMGNIDPYYGGTTYNRKFKGQVTISADKSISTAYLQWSSLKASDTAMYYCARSVGPFDSWGQGTLVTVSS,EIVLTQSPATLSLSPGERATLSCRASENVYSYLAWYQQKPGQAPRLLIYFAKTLAEGIPARFSGSGSGTDFTLTISSLEPEDFAVYYCQHHSDNPWTFGQGTKVEIK,na,na,None,None,None
Ozanezumab,Whole mAb,G1,Kappa,Phase-II,Discontinued,QVQLVQSGAEVKKPGASVKVSCKASGYTFTSYWMHWVRQAPGQGLEWIGNINPSNGGTNYNEKFKSKATMTRDTSTSTAYMELSSLRSEDTAVYYCELMQGYWGQGTLVTVSS,DIVMTQSPLSNPVTLGQPVSISCRSSKSLLYKDGKTYLNWFLQRPGQSPQLLIYLMSTRASGVPDRFSGGGSGTDFTLKISRVEAEDVGVYYCQQLVEYPLTFGQGTKLEIK,na,na,None,None,None
Palivizumab,Whole mAb,G1,Kappa,Approved,NFD,QVTLRESGPALVKPTQTLTLTCTFSGFSLSTSGMSVGWIRQPPGKALEWLADIWWDDKKDYNPSLKSRLTISKDTSKNQVVLKVTNMDPADTATYYCARSMITNWYFDVWGAGTTVTVSS,DIQMTQSPSTLSASVGDRVTITCKCQLSVGYMHWYQQKPGKAPKLLIYDTSKLASGVPSRFSGSGSGTEFTLTISSLQPDDFATYYCFQGSGYPFTFGGGTKLEIK,na,na,None,2hwz:HL,None
Panitumumab,Whole mAb,G2,Kappa,Approved,Active,QVQLQESGPGLVKPSETLSLTCTVSGGSVSSGDYYWTWIRQSPGKGLEWIGHIYYSGNTNYNPSLKSRLTISIDTSKTQFSLKLSSVTAADTAIYYCVRDRVTGAFDIWGQGTMVTVSS,DIQMTQSPSSLSASVGDRVTITCQASQDISNYLNWYQQKPGKAPKLLIYDASNLETGVPSRFSGSGSGTDFTFTISSLQPEDIATYFCQHFDHLPLAFGGGTKVEIK,na,na,5sx5:HL:JK/5sx4:HL:JI,None,None
Panobacumab,Whole mAb,M,Kappa,Phase-II,Active,EEQVVESGGGFVQPGGSLRLSCAASGFTFSPYWMHWVRQAPGKGLVWVSRINSDGSTYYADSVKGRFTISRDNARNTLYLQMNSLRAEDTAVYYCARDRYYGPEMWGQGTMVTVSS,DVVMTQSPLSLPVTLGQPASISCRSSQSLVYSDGNTYLNWFQQRPGQSPRRLIYKVSNRDSGVPDRFSGSGSGTDFTLKISRVEAEDVGVYYCMQGTHWPLTFGGGTKVEIK,na,na,None,None,None
Parsatuzumab,Whole mAb,G1,Kappa,Phase-II,Discontinued,EVQLVESGGGLVQPGGSLRLSCAASGYTFIDYYMNWVRQAPGKGLEWVGDINLDNSGTHYNQKFKGRFTISRDKSKNTAYLQMNSLRAEDTAVYYCAREGVYHDYDDYAMDYWGQGTLVTVSS,DIQMTQSPSSLSASVGDRVTITCRTSQSLVHINAITYLHWYQQKPGKAPKLLIYRVSNRFSGVPSRFSGSGSGTDFTLTISSLQPEDFATYYCGQSTHVPLTFGQGTKVEIK,na,na,None,None,None
Patritumab,Whole mAb,G1,Kappa,Phase-III,Active,QVQLQQWGAGLLKPSETLSLTCAVYGGSFSGYYWSWIRQPPGKGLEWIGEINHSGSTNYNPSLKSRVTISVETSKNQFSLKLSSVTAADTAVYYCARDKWTWYFDLWGRGTLVTVSS,DIEMTQSPDSLAVSLGERATINCRSSQSVLYSSSNRNYLAWYQQNPGQPPKLLIYWASTRESGVPDRFSGSGSGTDFTLTISSLQAEDVAVYYCQQYYSTPRTFGQGTKVEIK,na,na,None,None,None
Pembrolizumab,Whole mAb,G4,Kappa,Approved,Active,QVQLVQSGVEVKKPGASVKVSCKASGYTFTNYYMYWVRQAPGQGLEWMGGINPSNGGTNFNEKFKNRVTLTTDSSTTTAYMELKSLQFDDTAVYYCARRDYRFDMGFDYWGQGTTVTVSS,EIVLTQSPATLSLSPGERATLSCRASKGVSTSGYSYLHWYQQKPGQAPRLLIYLASYLESGVPARFSGSGSGTDFTLTISSLEPEDFAVYYCQHSRDLPLTFGGGTKVEIK,na,na,5dk3:GF:BA/5ggs:CD:AB/5b8c:BA:HG:KJ:ED/5jxe:GF:DC,None,None
Pertuzumab,Whole mAb,G1,Kappa,Approved,Active,EVQLVESGGGLVQPGGSLRLSCAASGFTFTDYTMDWVRQAPGKGLEWVADVNPNSGGSIYNQRFKGRFTLSVDRSKNTLYLQMNSLRAEDTAVYYCARNLGPSFYFDYWGQGTLVTVSS,DIQMTQSPSSLSASVGDRVTITCKASQDVSIGVAWYQQKPGKAPKLLIYSASYRYTGVPSRFSGSGSGTDFTLTISSLQPEDFATYYCQQYYIYPYTFGQGTKVEIK,na,na,1l7i:HL/4llu:AB:CD/1s78:FE:DC,4llw:CD:AB,4lly:AB:CD/5vsh:CD:AB:EF:HL
Pinatuzumab,Whole mAb ADC,G1,Kappa,Phase-II,Discontinued,EVQLVESGGGLVQPGGSLRLSCAASGYEFSRSWMNWVRQAPGKGLEWVGRIYPGDGDTNYSGKFKGRFTISADTSKNTAYLQMNSLRAEDTAVYYCARDGSSWDWYFDVWGQGTLVTVSS,DIQMTQSPSSLSASVGDRVTITCRSSQSIVHSVGNTFLEWYQQKPGKAPKLLIYKVSNRFSGVPSRFSGSGSGTDFTLTISSLQPEDFATYYCFQGSQFPYTFGQGTKVEIK,na,na,None,6and:HL,None
Polatuzumab,Whole mAb ADC,G1,Kappa,Approved,Active,EVQLVESGGGLVQPGGSLRLSCAASGYTFSSYWIEWVRQAPGKGLEWIGEILPGGGDTNYNEIFKGRATFSADTSKNTAYLQMNSLRAEDTAVYYCTRRVPIRLDYWGQGTLVTVSS,DIQLTQSPSSLSASVGDRVTITCKASQSVDYEGDSFLNWYQQKPGKAPKLLIYAASNLESGVPSRFSGSGSGTDFTLTISSLQPEDFATYYCQQSNEDPLTFGQGTKVEIK,na,na,None,None,None
Ponezumab,Whole mAb,G2,Kappa,Phase-II,Discontinued,QVQLVQSGAEVKKPGASVKVSCKASGYYTEAYYIHWVRQAPGQGLEWMGRIDPATGNTKYAPRLQDRVTMTRDTSTSTVYMELSSLRSEDTAVYYCASLYSLPVYWGQGTTVTVSS,DVVMTQSPLSLPVTLGQPASISCKSSQSLLYSDAKTYLNWFQQRPGQSPRRLIYQISRLDPGVPDRFSGSGSGTDFTLKISRVEAEDVGVYYCLQGTHYPVLFGQGTRLEIK,na,na,3u0t:BA:DC,None,None
Radretumab,di-scFv + CH4,E,Kappa,Phase-II,Discontinued,EVQLLESGGGLVQPGGSLRLSCAASGFTFSSFSMSWVRQAPGKGLEWVSSISGSSGTTYYADSVKGRFTISRDNSKNTLYLQMNSLRAEDTAVYYCAKPFPYFDYWGQGTLVTVSS,EIVLTQSPGTLSLSPGERATLSCRASQSVSSSFLAWYQQKPGQAPRLLIYYASSRATGIPDRFSGSGSGTDFTLTISRLEPEDFAVYYCQQTGRIPPTFGQGTKVEIK,na,na,None,None,None
Ramucirumab,Whole mAb,G1,Kappa,Approved,Active,EVQLVQSGGGLVKPGGSLRLSCAASGFTFSSYSMNWVRQAPGKGLEWVSSISSSSSYIYYADSVKGRFTISRDNAKNSLYLQMNSLRAEDTAVYYCARVTDAFDIWGQGTMVTVSS,DIQMTQSPSSVSASIGDRVTITCRASQGIDNWLGWYQQKPGKAPKLLIYDASNLDTGVPSRFSGSGSGTYFTLTISSLQAEDFAVYFCQQAKAFPPTFGGGTKVDIK,na,na,3s34:HL/3s37:HL/3s36:HL,None,None
Ranibizumab,Fab,G1,Kappa,Approved,Active,EVQLVESGGGLVQPGGSLRLSCAASGYDFTHYGMNWVRQAPGKGLEWVGWINTYTGEPTYAADFKRRFTFSLDTSKSTAYLQMNSLRAEDTAVYYCAKYPYYYGTSHWYFDVWGQGTLVTVSS,DIQLTQSPSSLSASVGDRVTITCSASQDISNYLNWYQQKPGKAPKVLIYFTSSLHSGVPSRFSGSGSGTDFTLTISSLQPEDFATYYCQQYSTVPWTFGQGTKVEIK,na,na,1cz8:HL:YX,None,1bj1:HL:KJ/6bft:HL:AB
Reslizumab,Whole mAb,G4,Kappa,Approved,Active,EVQLVESGGGLVQPGGSLRLSCAVSGLSLTSNSVNWIRQAPGKGLEWVGLIWSNGDTDYNSAIKSRFTISRDTSKSTVYLQMNSLRAEDTAVYYCAREYYGYFDYWGQGTLVTVSS,DIQMTQSPSSLSASVGDRVTITCLASEGISSYLAWYQQKPGKAPKLLIYGANSLQTGVPSRFSGSGSATDYTLTISSLQPEDFATYYCQQSYKFPNTFGQGTKVEVK,na,na,None,None,None
Rilotumumab,Whole mAb,G2,Kappa,Phase-II,Discontinued,QVQLQESGPGLVKPSETLSLTCTVSGGSISIYYWSWIRQPPGKGLEWIGYVYYSGSTNYNPSLKSRVTISVDTSKNQFSLKLNSVTAADTAVYYCARGGYDFWSGYFDYWGQGTLVTVSS,EIVMTQSPATLSVSPGERATLSCRASQSVDSNLAWYRQKPGQAPRLLIYGASTRATGIPARFSGSGSGTEFTLTISSLQSEDFAVYYCQQYINWPPITFGQGTRLEIK,na,na,None,None,None
Rituximab,Whole mAb,G1,Kappa,Approved,Active,QVQLQQPGAELVKPGASVKMSCKASGYTFTSYNMHWVKQTPGRGLEWIGAIYPGNGDTSYNQKFKGKATLTADKSSSTAYMQLSSLTSEDSAVYYCARSTYYGGDWYFNVWGAGTTVTVSA,QIVLSQSPAILSASPGEKVTMTCRASSSVSYIHWFQQKPGSSPKPWIYATSNLASGVPVRFSGSGSGTSYSLTISRVEAEDAATYYCQQWTSNPPTFGGGTKLEIK,na,na,2osl:HL:AB,4kaq:HL,None
Robatumumab,Whole mAb,G1,Kappa,Phase-II,Discontinued,EVQLVQSGGGLVKPGGSLRLSCAASGFTFSSFAMHWVRQAPGKGLEWISVIDTRGATYYADSVKGRFTISRDNAKNSLYLQMNSLRAEDTAVYYCARLGNFYYGMDVWGQGTTVTVSS,EIVLTQSPGTLSVSPGERATLSCRASQSIGSSLHWYQQKPGQAPRLLIKYASQSLSGIPDRFSGSGSGTDFTLTISRLEPEDFAVYYCHQSSRLPHTFGQGTKVEIK,na,na,None,None,None
Romosozumab,Whole mAb,G2,Kappa,Approved,NFD,EVQLVQSGAEVKKPGASVKVSCKASGYTFTDYNMHWVRQAPGQGLEWMGEINPNSGGAGYNQKFKGRVTMTTDTSTSTAYMELRSLRSDDTAVYYCARLGYDDIYDDWYFDVWGQGTTVTVSS,DIQMTQSPSSLSASVGDRVTITCRASQDISNYLNWYQQKPGKAPKLLIYYTSRLLSGVPSRFSGSGSGTDFTLTISSLQPEDFATYYCQQGDTLPYTFGGGTKVEIK,na,na,None,None,None
Sarilumab,Whole mAb,G1,Kappa,Approved,Active,EVQLVESGGGLVQPGRSLRLSCAASRFTFDDYAMHWVRQAPGKGLEWVSGISWNSGRIGYADSVKGRFTISRDNAENSLFLQMNGLRAEDTALYYCAKGRDSFDIWGQGTMVTVSS,DIQMTQSPSSVSASVGDRVTITCRASQGISSWLAWYQQKPGKAPKLLIYGASSLESGVPSRFSGSGSGTDFTLTISSLQPEDFASYYCQQANSFPYTFGQGTKLEIK,na,na,None,None,None
Secukinumab,Whole mAb,G1,Kappa,Approved,Active,EVQLVESGGGLVQPGGSLRLSCAASGFTFSNYWMNWVRQAPGKGLEWVAAINQDGSEKYYVGSVKGRFTISRDNAKNSLYLQMNSLRVEDTAVYYCVRDYYDILTDYYIHYWYFDLWGRGTLVTVSS,EIVLTQSPGTLSLSPGERATLSCRASQSVSSSYLAWYQQKPGQAPRLLIYGASSRATGIPDRFSGSGSGTDFTLTISRLEPEDFAVYYCQQYGSSPCTFGQGTRLEIK,na,na,None,None,None
Seribantumab,Whole mAb,G2,Lambda,Phase-II,Discontinued,EVQLLESGGGLVQPGGSLRLSCAASGFTFSHYVMAWVRQAPGKGLEWVSSISSSGGWTLYADSVKGRFTISRDNSKNTLYLQMNSLRAEDTAVYYCTRGLKMATIFDYWGQGTLVTVSS,QSALTQPASVSGSPGQSITISCTGTSSDVGSYNVVSWYQQHPGKAPKLIIYEVSQRPSGVSNRFSGSKSGNTASLTISGLQTEDEADYYCCSYAGSSIFVIFGGGTKVTVL,na,na,None,None,None
Sifalimumab,Whole mAb,G1,Kappa,Phase-II,Discontinued,QVQLVQSGAEVKKPGASVKVSCKASGYTFTSYSISWVRQAPGQGLEWMGWISVYNGNTNYAQKFQGRVTMTTDTSTSTAYLELRSLRSDDTAVYYCARDPIAAGYWGQGTLVTVSS,EIVLTQSPGTLSLSPGERATLSCRASQSVSSTYLAWYQQKPGQAPRLLIYGASSRATGIPDRFSGSGSGTDFTLTISRLEPEDFAVYYCQQYGSSPRTFGQGTKVEIK,na,na,4ypg:HL:BA,None,None
Siltuximab,Whole mAb,G1,Kappa,Approved,Centocor Inc;Janssen Biotech;Memorial Sloan-Kettering Cancer Center,EVQLVESGGKLLKPGGSLKLSCAASGFTFSSFAMSWFRQSPEKRLEWVAEISSGGSYTYYPDTVTGRFTISRDNAKNTLYLEMSSLRSEDTAMYYCARGLWGYYALDYWGQGTSVTVSS,QIVLIQSPAIMSASPGEKVTMTCSASSSVSYMYWYQQKPGSSPRLLIYDTSNLASGVPVRFSGSGSGTSYSLTISRMEAEDAATYYCQQWSGYPYTFGGGTKLEIK,na,na,None,None,None
Simtuzumab,Whole mAb,G4,Kappa,Phase-II,Discontinued,QVQLVQSGAEVKKPGASVKVSCKASGYAFTYYLIEWVRQAPGQGLEWIGVINPGSGGTNYNEKFKGRATITADKSTSTAYMELSSLRSEDTAVYFCARNWMNFDYWGQGTTVTVSS,DIVMTQTPLSLSVTPGQPASISCRSSKSLLHSNGNTYLYWFLQKPGQSPQFLIYRMSNLASGVPDRFSGSGSGTDFTLKISRVEAEDVGVYYCMQHLEYPYTFGGGTKVEIK,na,na,None,None,None
Sirukumab,Whole mAb,G1,Kappa,Phase-III,Active,EVQLVESGGGLVQPGGSLRLSCAASGFTFSPFAMSWVRQAPGKGLEWVAKISPGGSWTYYSDTVTGRFTISRDNAKNSLYLQMNSLRAEDTAVYYCARQLWGYYALDIWGQGTTVTVSS,EIVLTQSPATLSLSPGERATLSCSASISVSYMYWYQQKPGQAPRLLIYDMSNLASGIPARFSGSGSGTDFTLTISSLEPEDFAVYYCMQWSGYPYTFGGGTKVEIK,na,na,None,None,None
Tabalumab,Whole mAb,G4,Kappa,Phase-III,Discontinued,QVQLQQWGAGLLKPSETLSLTCAVYGGSFSGYYWSWIRQPPGKGLEWIGEINHSGSTNYNPSLKSRVTISVDTSKNQFSLKLSSVTAADTAVYYCARGYYDILTGYYYYFDYWGQGTLVTVSS,EIVLTQSPATLSLSPGERATLSCRASQSVSRYLAWYQQKPGQAPRLLIYDASNRATGIPARFSGSGSGTDSTLTISSLEPEDFAVYYCQQRSNWPRTFGQGTKVEIK,na,na,None,None,None
Tanezumab,Whole mAb,G2,Kappa,Phase-III,Active,QVQLQESGPGLVKPSETLSLTCTVSGFSLIGYDLNWIRQPPGKGLEWIGIIWGDGTTDYNSAVKSRVTISKDTSKNQFSLKLSSVTAADTAVYYCARGGYWYATSYYFDYWGQGTLVTVSS,DIQMTQSPSSLSASVGDRVTITCRASQSISNNLNWYQQKPGKAPKLLIYYTSRFHSGVPSRFSGSGSGTDFTFTISSLQPEDIATYYCQQEHTLPYTFGQGTKLEIK,na,na,4edw:HL,None,None
Teplizumab,Whole mAb,G1,Kappa,Phase-III,Active,QVQLVQSGGGVVQPGRSLRLSCKASGYTFTRYTMHWVRQAPGKGLEWIGYINPSRGYTNYNQKVKDRFTISRDNSKNTAFLQMDSLRPEDTGVYFCARYYDDHYCLDYWGQGTPVTVSS,DIQMTQSPSSLSASVGDRVTITCSASSSVSYMNWYQQTPGKAPKRWIYDTSKLASGVPSRFSGSGSGTDYTFTISSLQPEDIATYYCQQWSSNPFTFGQGTKLQIT,na,na,None,None,None
Tigatuzumab,Whole mAb,G1,Kappa,Phase-II,Discontinued,EVQLVESGGGLVQPGGSLRLSCAASGFTFSSYVMSWVRQAPGKGLEWVATISSGGSYTYYPDSVKGRFTISRDNAKNTLYLQMNSLRAEDTAVYYCARRGDSMITTDYWGQGTLVTVSS,DIQMTQSPSSLSASVGDRVTITCKASQDVGTAVAWYQQKPGKAPKLLIYWASTRHTGVPSRFSGSGSGTDFTLTISSLQPEDFATYYCQQYSSYRTFGQGTKVEIK,na,na,None,None,None
Tildrakizumab,Whole mAb,G1,Kappa,Approved,Active,QVQLVQSGAEVKKPGASVKVSCKASGYIFITYWMTWVRQAPGQGLEWMGQIFPASGSADYNEKFEGRVTMTTDTSTSTAYMELRSLRSDDTAVYYCARGGGGFAYWGQGTLVTVSS,DIQMTQSPSSLSASVGDRVTITCRTSENIYSYLAWYQQKPGKAPKLLIYNAKTLAEGVPSRFSGSGSGTDFTLTISSLQPEDFATYYCQHHYGIPFTFGQGTKVEIK,na,na,None,None,None
Tocilizumab,Whole mAb,G1,Kappa,Approved,Active,QVQLQESGPGLVRPSQTLSLTCTVSGYSITSDHAWSWVRQPPGRGLEWIGYISYSGITTYNPSLKSRVTMLRDTSKNQFSLRLSSVTAADTAVYYCARSLARTTAMDYWGQGSLVTVSS,DIQMTQSPSSLSASVGDRVTITCRASQDISSYLNWYQQKPGKAPKLLIYYTSRLHSGVPSRFSGSGSGTDFTFTISSLQPEDIATYYCQQGNTLPYTFGQGTKVEIK,na,na,None,None,None
Tovetumab,Whole mAb,G2,Kappa,Phase-II,Discontinued,QVQLVESGGGLVKPGGSLRLSCAASGFTFSDYYMNWIRQAPGKGLEWVSYISSSGSIIYYADSVKGRFTISRDNAKNSLYLQMNSLRAEDTAVYYCAREGRIAARGMDVWGQGTTVTVSS,DIQMTQSPSSLSASVGDRVSITCRPSQSFSRYINWYQQKPGKAPKLLIHAASSLVGGVPSRFSGSGSGTDFTLTISSLQPEDFATYYCQQTYSNPPITFGQGTRLEMK,na,na,None,None,None
Tralokinumab,Whole mAb,G4,Lambda,Phase-III,Active,QVQLVQSGAEVKKPGASVKVSCKASGYTFTNYGLSWVRQAPGQGLEWMGWISANNGDTNYGQEFQGRVTMTTDTSTSTAYMELRSLRSDDTAVYYCARDSSSSWARWFFDLWGRGTLVTVSS,SYVLTQPPSVSVAPGKTARITCGGNIIGSKLVHWYQQKPGQAPVLVIYDDGDRPSGIPERFSGSNSGNTATLTISRVEAGDEADYYCQVWDTGSDPVVFGGGTKLTVL,na,na,5l6y:HL,None,None
Trastuzumab,Whole mAb,G1,Kappa,Approved,NFD,EVQLVESGGGLVQPGGSLRLSCAASGFNIKDTYIHWVRQAPGKGLEWVARIYPTNGYTRYADSVKGRFTISADTSKNTAYLQMNSLRAEDTAVYYCSRWGGDGFYAMDYWGQGTLVTVSS,DIQMTQSPSSLSASVGDRVTITCRASQDVNTAVAWYQQKPGKAPKLLIYSASFLYSGVPSRFSGSRSGTDFTLTISSLQPEDFATYYCQQHYTTPPTFGQGTKVEIK,na,na,1fvc:DC:BA/4hkz:BA/1n8z:BA/6bhz:HL:IM/6bi2:HL:IM/6bi0:HL:IM/5xhg:BA:DC/6mh2:AB:CD/6oge:ED,1fve:BA:DC/4x4x:AB:CD/6bgt:BA,5tdo:DC/5tdn:BA:DC/5tdp:BA:DC/4x4y:CD:AB/1fvd:BA:DC/3be1:HL/3bdy:HL/5u6a:BA/5u3d:BA/5u5f:BA/6b9z:BA/5u5m:BA/6bah:BA/4ioi:BA/4hjg:BA/6bae:BA/6b9y:BA/6dn0:AB:CD/6my4:HL:AB/6mxs:HL:AB/6my5:AB:HL/6mxr:AB:HL
Tremelimumab,Whole mAb,G2,Kappa,Phase-III,Active,QVQLVESGGGVVQPGRSLRLSCAASGFTFSSYGMHWVRQAPGKGLEWVAVIWYDGSNKYYADSVKGRFTISRDNSKNTLYLQMNSLRAEDTAVYYCARDPRGATLYYYYYGMDVWGQGTTVTVSS,DIQMTQSPSSLSASVGDRVTITCRASQSINSYLDWYQQKPGKAPKLLIYAASSLQSGVPSRFSGSGSGTDFTLTISSLQPEDFATYYCQQYYSTPFTFGPGTKVEIK,na,na,5ggu:HL:AB/5ggv:HL,None,None
Urelumab,Whole mAb,G4,Kappa,Phase-II,Active,QVQLQQWGAGLLKPSETLSLTCAVYGGSFSGYYWSWIRQSPEKGLEWIGEINHGGYVTYNPSLESRVTISVDTSKNQFSLKLSSVTAADTAVYYCARDYGPGNYDWYFDLWGRGTLVTVSS,EIVLTQSPATLSLSPGERATLSCRASQSVSSYLAWYQQKPGQAPRLLIYDASNRATGIPARFSGSGSGTDFTLTISSLEPEDFAVYYCQQRSNWPPALTFGGGTKVEIK,na,na,6mhr:AB:DE,None,None
Ustekinumab,Whole mAb,G1,Kappa,Approved,Active,EVQLVQSGAEVKKPGESLKISCKGSGYSFTTYWLGWVRQMPGKGLDWIGIMSPVDSDIRYSPSFQGQVTMSVDKSITTAYLQWNSLKASDTAMYYCARRRPGQGYFDFWGQGTLVTVSS,DIQMTQSPSSLSASVGDRVTITCRASQGISSWLAWYQQKPEKAPKSLIYAASSLQSGVPSRFSGSGSGTDFTLTISSLQPEDFATYYCQQYNIYPYTFGQGTKLEIK,na,na,3hmw:HL/3hmx:HL,None,None
Vedolizumab,Whole mAb,G1,Kappa,Approved,Active,QVQLVQSGAEVKKPGASVKVSCKGSGYTFTSYWMHWVRQAPGQRLEWIGEIDPSESNTNYNQKFKGRVTLTVDISASTAYMELSSLRSEDTAVYYCARGGYDGWDYAIDYWGQGTLVTVSS,DVVMTQSPLSLPVTPGEPASISCRSSQSLAKSYGNTYLSWYLQKPGQSPQLLIYGISNRFSGVPDRFSGSGSGTDFTLKISRVEAEDVGVYYCLQGTHQPYTFGQGTKVEIK,na,na,None,None,None
Veltuzumab,Whole mAb,G1,Kappa,Phase-II,Active,QVQLQQSGAEVKKPGSSVKVSCKASGYTFTSYNMHWVKQAPGQGLEWIGAIYPGMGDTSYNQKFKGKATLTADESTNTAYMELSSLRSEDTAFYYCARSTYYGGDWYFDVWGQGTTVTVSS,DIQLTQSPSSLSASVGDRVTMTCRASSSVSYIHWFQQKPGKAPKPWIYATSNLASGVPVRFSGSGSGTDYTFTISSLQPEDIATYYCQQWTSNPPTFGGGTKLEIK,na,na,None,None,None
Visilizumab,Whole mAb,G2,nd,Phase-III,Discontinued,QVQLVQSGAEVKKPGASVKVSCKASGYTFISYTMHWVRQAPGQGLEWMGYINPRSGYTHYNQKLKDKATLTADKSASTAYMELSSLRSEDTAVYYCARSAYYDYDGFAYWGQGTLVTVSS,DIQMTQSPSSLSASVGDRVTITCSASSSVSYMNWYQQKPGKAPKRLIYDTSKLASGVPSRFSGSGSGTDFTLTISSLQPEDFATYYCQQWSSNPPTFGGGTKVEIK,na,na,None,None,None
Zalutumumab,Whole mAb,G1,Kappa,Phase-II,Discontinued,QVQLVESGGGVVQPGRSLRLSCAASGFTFSTYGMHWVRQAPGKGLEWVAVIWDDGSYKYYGDSVKGRFTISRDNSKNTLYLQMNSLRAEDTAVYYCARDGITMVRGVMKDYFDYWGQGTLVTVSS,AIQLTQSPSSLSASVGDRVTITCRASQDISSALVWYQQKPGKAPKLLIYDASSLESGVPSRFSGSESGTDFTLTISSLQPEDFATYYCQQFNSYPLTFGGGTKVEIK,na,na,None,None,None
Zanolimumab,Whole mAb,G1,Kappa,Phase-III,Discontinued,QVQLQQWGAGLLKPSETLSLTCAVYGGSFSGYYWSWIRQPPGKGLEWIGEINHSGSTNYNPSLKSRVTISVDTSKNQFSLKLSSVTAADTAVYYCARVINWFDPWGQGTLVTVSS,DIQMTQSPSSVSASVGDRVTITCRASQDISSWLAWYQHKPGKAPKLLIYAASSLQSGVPSRFSGSGSGTDFTLTISSLQPEDFATYYCQQANSFPYTFGQGTKLEIK,na,na,None,None,None
